[
    {
        "id": "One", 
		"title": "Ipad", 
		"description": "iPad® Air is 20 percent thinner1 and weighs just one pound, so it feels unbelievably light in your hand. It comes with a 9.7-inch Retina display, the A7 chip with M7 motion coprocessor, ultrafast wireless, powerful apps, and up to 10 hours of battery life.2 And over 475,000 apps in the App Store are just a tap away"
    }, 
    {
        "id": "Two", 
		"title": "Apple Watch", 
		"description": "Apple Watch 42mm Stainless Steel Case with Medium Storm Gray Leather Loop Band"
    }, 
    {
        "id": "Three", 
		"title": "Iphone", 
		"description": "A 5.5-inch Retina HD display with 3D Touch. 7000 series aluminum and stronger cover glass. An A9 chip with 64-bit desktop-class architecture. All new 12MP iSight camera with Live Photos. Touch ID. Faster LTE and Wi-Fi. Long battery life and iOS 9 and iCloud. All in a smooth, continuous unibody design."
    },
	{
        "id": "Four", 
		"title": "MacBook", 
		"description": "Apple Macbook (Latest Model) 12' Display - Intel Core M - 8GB Memory - 256GB Flash Storage"
    },
	{
        "id": "Five", 
		"title": "Apple TV", 
		"description": "Get access to a world of instant entertainment with this product. Just connect to the Internet and stream movies, listen to music, and access a wide variety of other content."
    }
]